FileSizeBytes,SignTimeSeconds,VerifyTimeSeconds
1,0.231882,0.084687
1024,0.231847,0.084647
1048576,0.23182,0.084672
33554432,0.294525,0.165385
67108864,0.401263,0.247445
134217728,0.532746,0.385662
268435456,0.835515,0.683598
536870912,1.425504,1.251835
1073741824,2.559401,2.413873
