Height,W,SignTimeSeconds,VerifyTimeSeconds
4,4,0.239997,0.360004
4,8,0.289998,0.290002
4,16,0.389993,0.390038
4,32,0.589752,0.620107
6,4,0.629666,0.629969
6,8,0.879888,0.89017
6,16,1.300065,1.299968
6,32,2.140356,2.160806
8,4,2.2482,2.229827
8,8,3.25024,3.33013
8,16,4.89045,4.940171
8,32,8.180924,8.169446
10,4,8.721683,8.961342
10,8,12.991407,13.179388
10,16,19.991592,20.161346
10,32,33.753028,33.972251
