Height,W,SignTimeSeconds,VerifyTimeSeconds
4,4,0.269734,0.316514
4,8,0.316611,0.338733
4,16,0.454549,0.481878
4,32,0.695333,0.70008
6,4,0.717723,0.729671
6,8,0.99434,1.041587
6,16,1.514823,1.524273
6,32,1.554462,2.908735
8,4,2.598308,3.000902
8,8,3.716998,4.376202
8,16,3.627545,5.738387
8,32,9.606126,9.454231
10,4,10.025815,11.669946
10,8,9.267047,15.453259
10,16,22.715637,22.809677
10,32,37.985021,38.381579
