FileSizeBytes,SignTimeSeconds,VerifyTimeSeconds
1,0.503165,0.545063
1024,0.455783,0.519723
1048576,0.455889,0.530702
33554432,0.543097,0.654997
536870912,3.284018,2.717716
1073741824,7.719318,4.948537
5368709120,152.036357,194.488044
